med,dis,increased aft med,increased aft dis,SAFE enriched score,type
J01CR02_.amoxicillin_and_enzyme_inhibitor.,Glomerular_filtration_rate,unclassified_Fusobacteriaceae,,9.957427002721479,increased aft med
J01CR02_.amoxicillin_and_enzyme_inhibitor.,Glomerular_filtration_rate,unclassified_Thermaceae,,9.216858087967898,increased aft med
J01CR02_.amoxicillin_and_enzyme_inhibitor.,Glomerular_filtration_rate,Fusobacterium,,7.650752057120963,increased aft med
J01CR02_.amoxicillin_and_enzyme_inhibitor.,Glomerular_filtration_rate,Dysgonomonas,,7.3022362915691055,increased aft med
J01CR02_.amoxicillin_and_enzyme_inhibitor.,Glomerular_filtration_rate,Paraeggerthella,,7.1714743763253255,increased aft med
J01CR02_.amoxicillin_and_enzyme_inhibitor.,Glomerular_filtration_rate,Gemella,,6.012998579975548,increased aft med
J01CR02_.amoxicillin_and_enzyme_inhibitor.,Glomerular_filtration_rate,unclassified_Sutterellaceae,,56.84398365979326,increased aft med
J01CR02_.amoxicillin_and_enzyme_inhibitor.,Glomerular_filtration_rate,Odoribacter,,55.994406761402956,increased aft med
J01CR02_.amoxicillin_and_enzyme_inhibitor.,Glomerular_filtration_rate,unclassified_Streptococcaceae,,38.68409271981181,increased aft med
J01CR02_.amoxicillin_and_enzyme_inhibitor.,Glomerular_filtration_rate,Pelomonas,,37.76718742395089,increased aft med
J01CR02_.amoxicillin_and_enzyme_inhibitor.,Glomerular_filtration_rate,Slackia,,34.97548249163391,increased aft med
J01CR02_.amoxicillin_and_enzyme_inhibitor.,Glomerular_filtration_rate,Anaerophaga,,30.64524300377253,increased aft med
J01CR02_.amoxicillin_and_enzyme_inhibitor.,Glomerular_filtration_rate,unclassified_Methanomicrobiales,,30.343222648098156,increased aft med
J01CR02_.amoxicillin_and_enzyme_inhibitor.,Glomerular_filtration_rate,unclassified_Deferribacteraceae,,30.25606647797663,increased aft med
J01CR02_.amoxicillin_and_enzyme_inhibitor.,Glomerular_filtration_rate,Photobacterium,,3.957199592335087,increased aft med
J01CR02_.amoxicillin_and_enzyme_inhibitor.,Glomerular_filtration_rate,Pseudoflavonifractor,,27.200585516573234,increased aft med
J01CR02_.amoxicillin_and_enzyme_inhibitor.,Glomerular_filtration_rate,Paraprevotella,,24.73099672885569,increased aft med
J01CR02_.amoxicillin_and_enzyme_inhibitor.,Glomerular_filtration_rate,unclassified_Anaplasmataceae,,22.18930162832062,increased aft med
J01CR02_.amoxicillin_and_enzyme_inhibitor.,Glomerular_filtration_rate,Peptostreptococcus,,22.07321936959461,increased aft med
J01CR02_.amoxicillin_and_enzyme_inhibitor.,Glomerular_filtration_rate,Facklamia,,20.18296230902962,increased aft med
J01CR02_.amoxicillin_and_enzyme_inhibitor.,Glomerular_filtration_rate,Salmonella,,2.7653855540701664,increased aft med
J01CR02_.amoxicillin_and_enzyme_inhibitor.,Glomerular_filtration_rate,Alloscardovia,,2.41206680818125,increased aft med
J01CR02_.amoxicillin_and_enzyme_inhibitor.,Glomerular_filtration_rate,unclassified_Saprospiraceae,,18.763168934574068,increased aft med
J01CR02_.amoxicillin_and_enzyme_inhibitor.,Glomerular_filtration_rate,Lactonifactor,,17.523091979277194,increased aft med
J01CR02_.amoxicillin_and_enzyme_inhibitor.,Glomerular_filtration_rate,Aerococcus,,11.2810786255807,increased aft med
J01CR02_.amoxicillin_and_enzyme_inhibitor.,Glomerular_filtration_rate,,Roseburia,96.71141572662759,increased aft dis
J01CR02_.amoxicillin_and_enzyme_inhibitor.,Glomerular_filtration_rate,,Blautia,95.24934448788858,increased aft dis
J01CR02_.amoxicillin_and_enzyme_inhibitor.,Glomerular_filtration_rate,,Coprobacillus,9.81460531843762,increased aft dis
J01CR02_.amoxicillin_and_enzyme_inhibitor.,Glomerular_filtration_rate,,Anaerostipes,73.0994718401088,increased aft dis
J01CR02_.amoxicillin_and_enzyme_inhibitor.,Glomerular_filtration_rate,,unclassified_Rhizomicrobium,7.54317328114654,increased aft dis
J01CR02_.amoxicillin_and_enzyme_inhibitor.,Glomerular_filtration_rate,,unclassified_Enterobacteriaceae,6.9003900000957,increased aft dis
J01CR02_.amoxicillin_and_enzyme_inhibitor.,Glomerular_filtration_rate,,unclassified_Pasteurellaceae,6.519359712783288,increased aft dis
J01CR02_.amoxicillin_and_enzyme_inhibitor.,Glomerular_filtration_rate,,Parabacteroides,34.55898255648723,increased aft dis
J01CR02_.amoxicillin_and_enzyme_inhibitor.,Glomerular_filtration_rate,,Murdochiella,3.957199592335087,increased aft dis
J01CR02_.amoxicillin_and_enzyme_inhibitor.,Glomerular_filtration_rate,,Providencia,3.1628369311383517,increased aft dis
J01CR02_.amoxicillin_and_enzyme_inhibitor.,Glomerular_filtration_rate,,unclassified_Bradyrhizobiaceae,29.47057452984057,increased aft dis
J01CR02_.amoxicillin_and_enzyme_inhibitor.,Glomerular_filtration_rate,,unclassified_Thiotrichales,25.345341197743487,increased aft dis
J01CR02_.amoxicillin_and_enzyme_inhibitor.,Glomerular_filtration_rate,,unclassified_Mariprofundaceae,23.269608101824772,increased aft dis
J01CR02_.amoxicillin_and_enzyme_inhibitor.,Glomerular_filtration_rate,,Phascolarctobacterium,17.98525185221682,increased aft dis
J01CR02_.amoxicillin_and_enzyme_inhibitor.,Glomerular_filtration_rate,,unclassified_Staphylococcaceae,14.703931241054919,increased aft dis
J01CR02_.amoxicillin_and_enzyme_inhibitor.,Glomerular_filtration_rate,,Serratia,11.161464016381224,increased aft dis
J01CR02_.amoxicillin_and_enzyme_inhibitor.,Glomerular_filtration_rate,,Bifidobacterium,11.106871883826106,increased aft dis
J01CR02_.amoxicillin_and_enzyme_inhibitor.,Glomerular_filtration_rate,,Yersinia,10.293008129457897,increased aft dis
J01CR02_.amoxicillin_and_enzyme_inhibitor.,Glomerular_filtration_rate,,Saccharofermentans,10.101340457417871,increased aft dis
J01CR02_.amoxicillin_and_enzyme_inhibitor.,Glomerular_filtration_rate,,Pseudoramibacter,1.6530789864034103,increased aft dis
J01CR02_.amoxicillin_and_enzyme_inhibitor.,Ulcerative_colitis,Acetanaerobacterium,,8.224759801669737,increased aft med
J01CR02_.amoxicillin_and_enzyme_inhibitor.,Ulcerative_colitis,Fusobacterium,,7.650752057120963,increased aft med
J01CR02_.amoxicillin_and_enzyme_inhibitor.,Ulcerative_colitis,Dysgonomonas,,7.3022362915691055,increased aft med
J01CR02_.amoxicillin_and_enzyme_inhibitor.,Ulcerative_colitis,Anaerofustis,,6.5948695356596385,increased aft med
J01CR02_.amoxicillin_and_enzyme_inhibitor.,Ulcerative_colitis,unclassified_Aeromonadaceae,,6.012673737992398,increased aft med
J01CR02_.amoxicillin_and_enzyme_inhibitor.,Ulcerative_colitis,Bilophila,,50.36208169863475,increased aft med
J01CR02_.amoxicillin_and_enzyme_inhibitor.,Ulcerative_colitis,Pelomonas,,37.76718742395089,increased aft med
J01CR02_.amoxicillin_and_enzyme_inhibitor.,Ulcerative_colitis,Slackia,,34.97548249163391,increased aft med
J01CR02_.amoxicillin_and_enzyme_inhibitor.,Ulcerative_colitis,Anaerophaga,,30.64524300377253,increased aft med
J01CR02_.amoxicillin_and_enzyme_inhibitor.,Ulcerative_colitis,unclassified_Methanomicrobiales,,30.343222648098156,increased aft med
J01CR02_.amoxicillin_and_enzyme_inhibitor.,Ulcerative_colitis,unclassified_Deferribacteraceae,,30.25606647797663,increased aft med
J01CR02_.amoxicillin_and_enzyme_inhibitor.,Ulcerative_colitis,Sutterella,,29.438087146286293,increased aft med
J01CR02_.amoxicillin_and_enzyme_inhibitor.,Ulcerative_colitis,Pseudoflavonifractor,,27.200585516573234,increased aft med
J01CR02_.amoxicillin_and_enzyme_inhibitor.,Ulcerative_colitis,Granulicatella,,25.940581887523237,increased aft med
J01CR02_.amoxicillin_and_enzyme_inhibitor.,Ulcerative_colitis,Peptostreptococcus,,22.07321936959461,increased aft med
J01CR02_.amoxicillin_and_enzyme_inhibitor.,Ulcerative_colitis,Facklamia,,20.18296230902962,increased aft med
J01CR02_.amoxicillin_and_enzyme_inhibitor.,Ulcerative_colitis,Salmonella,,2.7653855540701664,increased aft med
J01CR02_.amoxicillin_and_enzyme_inhibitor.,Ulcerative_colitis,Robinsoniella,,18.2519053062545,increased aft med
J01CR02_.amoxicillin_and_enzyme_inhibitor.,Ulcerative_colitis,Lactonifactor,,17.523091979277194,increased aft med
J01CR02_.amoxicillin_and_enzyme_inhibitor.,Ulcerative_colitis,Flavonifractor,,14.580778570776197,increased aft med
J01CR02_.amoxicillin_and_enzyme_inhibitor.,Ulcerative_colitis,Aerococcus,,11.2810786255807,increased aft med
J01CR02_.amoxicillin_and_enzyme_inhibitor.,Ulcerative_colitis,Anaerotruncus,,11.051325045108507,increased aft med
J01CR02_.amoxicillin_and_enzyme_inhibitor.,Ulcerative_colitis,Clostridium_XVIII,,11.02470384930378,increased aft med
J01CR02_.amoxicillin_and_enzyme_inhibitor.,Ulcerative_colitis,,Blautia,95.24934448788858,increased aft dis
J01CR02_.amoxicillin_and_enzyme_inhibitor.,Ulcerative_colitis,,Anaerostipes,73.0994718401088,increased aft dis
J01CR02_.amoxicillin_and_enzyme_inhibitor.,Ulcerative_colitis,,unclassified_Pasteurellaceae,6.519359712783288,increased aft dis
J01CR02_.amoxicillin_and_enzyme_inhibitor.,Ulcerative_colitis,,Clostridium_XI,49.26862933751806,increased aft dis
J01CR02_.amoxicillin_and_enzyme_inhibitor.,Ulcerative_colitis,,unclassified_Syntrophaceae,23.26631362609276,increased aft dis
J01CR02_.amoxicillin_and_enzyme_inhibitor.,Ulcerative_colitis,,Abiotrophia,19.73969993116483,increased aft dis
J01CR02_.amoxicillin_and_enzyme_inhibitor.,Ulcerative_colitis,,unclassified_Peptostreptococcaceae,19.341502056646497,increased aft dis
J01CR02_.amoxicillin_and_enzyme_inhibitor.,Ulcerative_colitis,,Proteus,19.111535214284057,increased aft dis
J01CR02_.amoxicillin_and_enzyme_inhibitor.,Ulcerative_colitis,,Haemophilus,18.343731262808692,increased aft dis
J01CR02_.amoxicillin_and_enzyme_inhibitor.,Ulcerative_colitis,,unclassified_Staphylococcaceae,14.703931241054919,increased aft dis
J01CR02_.amoxicillin_and_enzyme_inhibitor.,Ulcerative_colitis,,Faecalibacterium,126.83235054305703,increased aft dis
J01CR02_.amoxicillin_and_enzyme_inhibitor.,Ulcerative_colitis,,Bifidobacterium,11.106871883826106,increased aft dis
J01CR02_.amoxicillin_and_enzyme_inhibitor.,Irritable_bowel_syndrome,unclassified_Fusobacteriaceae,,9.957427002721479,increased aft med
J01CR02_.amoxicillin_and_enzyme_inhibitor.,Irritable_bowel_syndrome,unclassified_Thermaceae,,9.216858087967898,increased aft med
J01CR02_.amoxicillin_and_enzyme_inhibitor.,Irritable_bowel_syndrome,Fusobacterium,,7.650752057120963,increased aft med
J01CR02_.amoxicillin_and_enzyme_inhibitor.,Irritable_bowel_syndrome,Dysgonomonas,,7.3022362915691055,increased aft med
J01CR02_.amoxicillin_and_enzyme_inhibitor.,Irritable_bowel_syndrome,Paraeggerthella,,7.1714743763253255,increased aft med
J01CR02_.amoxicillin_and_enzyme_inhibitor.,Irritable_bowel_syndrome,Gemella,,6.012998579975548,increased aft med
J01CR02_.amoxicillin_and_enzyme_inhibitor.,Irritable_bowel_syndrome,Clostridium_XlVb,,57.908356857148455,increased aft med
J01CR02_.amoxicillin_and_enzyme_inhibitor.,Irritable_bowel_syndrome,unclassified_Sutterellaceae,,56.84398365979326,increased aft med
J01CR02_.amoxicillin_and_enzyme_inhibitor.,Irritable_bowel_syndrome,unclassified_Streptococcaceae,,38.68409271981181,increased aft med
J01CR02_.amoxicillin_and_enzyme_inhibitor.,Irritable_bowel_syndrome,Pelomonas,,37.76718742395089,increased aft med
J01CR02_.amoxicillin_and_enzyme_inhibitor.,Irritable_bowel_syndrome,Slackia,,34.97548249163391,increased aft med
J01CR02_.amoxicillin_and_enzyme_inhibitor.,Irritable_bowel_syndrome,Anaerophaga,,30.64524300377253,increased aft med
J01CR02_.amoxicillin_and_enzyme_inhibitor.,Irritable_bowel_syndrome,unclassified_Methanomicrobiales,,30.343222648098156,increased aft med
J01CR02_.amoxicillin_and_enzyme_inhibitor.,Irritable_bowel_syndrome,unclassified_Deferribacteraceae,,30.25606647797663,increased aft med
J01CR02_.amoxicillin_and_enzyme_inhibitor.,Irritable_bowel_syndrome,Photobacterium,,3.957199592335087,increased aft med
J01CR02_.amoxicillin_and_enzyme_inhibitor.,Irritable_bowel_syndrome,Sutterella,,29.438087146286293,increased aft med
J01CR02_.amoxicillin_and_enzyme_inhibitor.,Irritable_bowel_syndrome,Paraprevotella,,24.73099672885569,increased aft med
J01CR02_.amoxicillin_and_enzyme_inhibitor.,Irritable_bowel_syndrome,unclassified_Anaplasmataceae,,22.18930162832062,increased aft med
J01CR02_.amoxicillin_and_enzyme_inhibitor.,Irritable_bowel_syndrome,Veillonella,,20.637757432039756,increased aft med
J01CR02_.amoxicillin_and_enzyme_inhibitor.,Irritable_bowel_syndrome,Facklamia,,20.18296230902962,increased aft med
J01CR02_.amoxicillin_and_enzyme_inhibitor.,Irritable_bowel_syndrome,Salmonella,,2.7653855540701664,increased aft med
J01CR02_.amoxicillin_and_enzyme_inhibitor.,Irritable_bowel_syndrome,Alloscardovia,,2.41206680818125,increased aft med
J01CR02_.amoxicillin_and_enzyme_inhibitor.,Irritable_bowel_syndrome,unclassified_Saprospiraceae,,18.763168934574068,increased aft med
J01CR02_.amoxicillin_and_enzyme_inhibitor.,Irritable_bowel_syndrome,unclassified_Cystobacteraceae,,16.07978955109135,increased aft med
J01CR02_.amoxicillin_and_enzyme_inhibitor.,Irritable_bowel_syndrome,Flavonifractor,,14.580778570776197,increased aft med
J01CR02_.amoxicillin_and_enzyme_inhibitor.,Irritable_bowel_syndrome,Eggerthella,,13.445032957164026,increased aft med
J01CR02_.amoxicillin_and_enzyme_inhibitor.,Irritable_bowel_syndrome,Aerococcus,,11.2810786255807,increased aft med
J01CR02_.amoxicillin_and_enzyme_inhibitor.,Irritable_bowel_syndrome,,unclassified_Parachlamydiaceae,9.913514218568977,increased aft dis
J01CR02_.amoxicillin_and_enzyme_inhibitor.,Irritable_bowel_syndrome,,Filifactor,9.913514218568977,increased aft dis
J01CR02_.amoxicillin_and_enzyme_inhibitor.,Irritable_bowel_syndrome,,Butyricimonas,9.621206076514143,increased aft dis
J01CR02_.amoxicillin_and_enzyme_inhibitor.,Irritable_bowel_syndrome,,unclassified_Erythrobacteraceae,9.611047004762382,increased aft dis
J01CR02_.amoxicillin_and_enzyme_inhibitor.,Irritable_bowel_syndrome,,unclassified_Acidimicrobineae,9.118023624142099,increased aft dis
J01CR02_.amoxicillin_and_enzyme_inhibitor.,Irritable_bowel_syndrome,,Alistipes,85.50428372053504,increased aft dis
J01CR02_.amoxicillin_and_enzyme_inhibitor.,Irritable_bowel_syndrome,,unclassified_Promicromonosporaceae,8.526793339565646,increased aft dis
J01CR02_.amoxicillin_and_enzyme_inhibitor.,Irritable_bowel_syndrome,,Parasutterella,8.334173222939395,increased aft dis
J01CR02_.amoxicillin_and_enzyme_inhibitor.,Irritable_bowel_syndrome,,Corynebacterium,8.115325493242976,increased aft dis
J01CR02_.amoxicillin_and_enzyme_inhibitor.,Irritable_bowel_syndrome,,unclassified_Thermoanaerobacteraceae,78.52347214274565,increased aft dis
J01CR02_.amoxicillin_and_enzyme_inhibitor.,Irritable_bowel_syndrome,,Leptotrichia,7.734382078747055,increased aft dis
J01CR02_.amoxicillin_and_enzyme_inhibitor.,Irritable_bowel_syndrome,,unclassified_Rhizomicrobium,7.54317328114654,increased aft dis
J01CR02_.amoxicillin_and_enzyme_inhibitor.,Irritable_bowel_syndrome,,unclassified_Dermatophilaceae,7.375197461252281,increased aft dis
J01CR02_.amoxicillin_and_enzyme_inhibitor.,Irritable_bowel_syndrome,,unclassified_Geobacteraceae,7.227357318684785,increased aft dis
J01CR02_.amoxicillin_and_enzyme_inhibitor.,Irritable_bowel_syndrome,,unclassified_Coriobacteriaceae,65.46470976400379,increased aft dis
J01CR02_.amoxicillin_and_enzyme_inhibitor.,Irritable_bowel_syndrome,,Gemmiger,58.99326049260475,increased aft dis
J01CR02_.amoxicillin_and_enzyme_inhibitor.,Irritable_bowel_syndrome,,unclassified_Bryobacter,54.953271427337754,increased aft dis
J01CR02_.amoxicillin_and_enzyme_inhibitor.,Irritable_bowel_syndrome,,unclassified_Thermoactinomycetaceae,53.20330535615561,increased aft dis
J01CR02_.amoxicillin_and_enzyme_inhibitor.,Irritable_bowel_syndrome,,unclassified_Hyphomicrobiaceae,52.576520004183784,increased aft dis
J01CR02_.amoxicillin_and_enzyme_inhibitor.,Irritable_bowel_syndrome,,unclassified_Bdellovibrionaceae,50.01115260292672,increased aft dis
J01CR02_.amoxicillin_and_enzyme_inhibitor.,Irritable_bowel_syndrome,,Mobiluncus,5.820287113023323,increased aft dis
J01CR02_.amoxicillin_and_enzyme_inhibitor.,Irritable_bowel_syndrome,,Peptoniphilus,5.659143610486123,increased aft dis
J01CR02_.amoxicillin_and_enzyme_inhibitor.,Irritable_bowel_syndrome,,Acetitomaculum,5.577998198195834,increased aft dis
J01CR02_.amoxicillin_and_enzyme_inhibitor.,Irritable_bowel_syndrome,,unclassified_Dietziaceae,5.17925827122063,increased aft dis
J01CR02_.amoxicillin_and_enzyme_inhibitor.,Irritable_bowel_syndrome,,Varibaculum,5.018677477737002,increased aft dis
J01CR02_.amoxicillin_and_enzyme_inhibitor.,Irritable_bowel_syndrome,,unclassified_Thiotrichaceae,46.13441070941988,increased aft dis
J01CR02_.amoxicillin_and_enzyme_inhibitor.,Irritable_bowel_syndrome,,Finegoldia,4.523258834607135,increased aft dis
J01CR02_.amoxicillin_and_enzyme_inhibitor.,Irritable_bowel_syndrome,,Anaerococcus,4.332841367690732,increased aft dis
J01CR02_.amoxicillin_and_enzyme_inhibitor.,Irritable_bowel_syndrome,,Actinomyces,4.332700493600286,increased aft dis
J01CR02_.amoxicillin_and_enzyme_inhibitor.,Irritable_bowel_syndrome,,unclassified_Hyphomonadaceae,39.130636926064895,increased aft dis
J01CR02_.amoxicillin_and_enzyme_inhibitor.,Irritable_bowel_syndrome,,Barnesiella,37.743684518644294,increased aft dis
J01CR02_.amoxicillin_and_enzyme_inhibitor.,Irritable_bowel_syndrome,,Parabacteroides,34.55898255648723,increased aft dis
J01CR02_.amoxicillin_and_enzyme_inhibitor.,Irritable_bowel_syndrome,,Murdochiella,3.957199592335087,increased aft dis
J01CR02_.amoxicillin_and_enzyme_inhibitor.,Irritable_bowel_syndrome,,Phocaeicola,3.352971528303176,increased aft dis
J01CR02_.amoxicillin_and_enzyme_inhibitor.,Irritable_bowel_syndrome,,unclassified_Micromonosporaceae,3.3528071751976554,increased aft dis
J01CR02_.amoxicillin_and_enzyme_inhibitor.,Irritable_bowel_syndrome,,unclassified_Rhodobacteraceae,29.647703833708054,increased aft dis
J01CR02_.amoxicillin_and_enzyme_inhibitor.,Irritable_bowel_syndrome,,unclassified_Thiotrichales,25.345341197743487,increased aft dis
J01CR02_.amoxicillin_and_enzyme_inhibitor.,Irritable_bowel_syndrome,,unclassified_Oleiphilaceae,24.64849274568729,increased aft dis
J01CR02_.amoxicillin_and_enzyme_inhibitor.,Irritable_bowel_syndrome,,unclassified_Syntrophorhabdaceae,23.37900433285605,increased aft dis
J01CR02_.amoxicillin_and_enzyme_inhibitor.,Irritable_bowel_syndrome,,unclassified_Ectothiorhodospiraceae,22.555914671024464,increased aft dis
J01CR02_.amoxicillin_and_enzyme_inhibitor.,Irritable_bowel_syndrome,,Hespellia,22.32385657174538,increased aft dis
J01CR02_.amoxicillin_and_enzyme_inhibitor.,Irritable_bowel_syndrome,,unclassified_Thermofilaceae,22.13724944215967,increased aft dis
J01CR02_.amoxicillin_and_enzyme_inhibitor.,Irritable_bowel_syndrome,,unclassified_Desulfurellaceae,21.74193310909507,increased aft dis
J01CR02_.amoxicillin_and_enzyme_inhibitor.,Irritable_bowel_syndrome,,unclassified_Pseudomonadales,20.83247567251999,increased aft dis
J01CR02_.amoxicillin_and_enzyme_inhibitor.,Irritable_bowel_syndrome,,unclassified_Thermoleophilaceae,19.76440844966446,increased aft dis
J01CR02_.amoxicillin_and_enzyme_inhibitor.,Irritable_bowel_syndrome,,unclassified_Bogoriellaceae,18.57072959649775,increased aft dis
J01CR02_.amoxicillin_and_enzyme_inhibitor.,Irritable_bowel_syndrome,,Phascolarctobacterium,17.98525185221682,increased aft dis
J01CR02_.amoxicillin_and_enzyme_inhibitor.,Irritable_bowel_syndrome,,unclassified_Halobacteriaceae,17.595495261436294,increased aft dis
J01CR02_.amoxicillin_and_enzyme_inhibitor.,Irritable_bowel_syndrome,,unclassified_Methylocystaceae,16.933536660464643,increased aft dis
J01CR02_.amoxicillin_and_enzyme_inhibitor.,Irritable_bowel_syndrome,,Gardnerella,15.879231700147807,increased aft dis
J01CR02_.amoxicillin_and_enzyme_inhibitor.,Irritable_bowel_syndrome,,unclassified_Methanocellaceae,15.752806780794433,increased aft dis
J01CR02_.amoxicillin_and_enzyme_inhibitor.,Irritable_bowel_syndrome,,Gordonibacter,15.665429726576921,increased aft dis
J01CR02_.amoxicillin_and_enzyme_inhibitor.,Irritable_bowel_syndrome,,Synergistes,15.633788083811885,increased aft dis
J01CR02_.amoxicillin_and_enzyme_inhibitor.,Irritable_bowel_syndrome,,unclassified_Sedimenticola,14.571572265947108,increased aft dis
J01CR02_.amoxicillin_and_enzyme_inhibitor.,Irritable_bowel_syndrome,,unclassified_Opitutaceae,13.98776737000086,increased aft dis
J01CR02_.amoxicillin_and_enzyme_inhibitor.,Irritable_bowel_syndrome,,Methanosphaera,13.430082663234403,increased aft dis
J01CR02_.amoxicillin_and_enzyme_inhibitor.,Irritable_bowel_syndrome,,Cloacibacillus,12.186322410437517,increased aft dis
J01CR02_.amoxicillin_and_enzyme_inhibitor.,Irritable_bowel_syndrome,,Atopobium,11.876222726953781,increased aft dis
J01CR02_.amoxicillin_and_enzyme_inhibitor.,Irritable_bowel_syndrome,,Holdemania,11.873283422276689,increased aft dis
J01CR02_.amoxicillin_and_enzyme_inhibitor.,Irritable_bowel_syndrome,,Gallicola,11.327924311635543,increased aft dis
J01CR02_.amoxicillin_and_enzyme_inhibitor.,Irritable_bowel_syndrome,,unclassified_Veillonellaceae,107.7842252139873,increased aft dis
J01CR02_.amoxicillin_and_enzyme_inhibitor.,Irritable_bowel_syndrome,,unclassified_Chrysiogenaceae,10.943166899122232,increased aft dis
J01CR02_.amoxicillin_and_enzyme_inhibitor.,Irritable_bowel_syndrome,,unclassified_Methanobacteriaceae,10.609789820754884,increased aft dis
J01CR02_.amoxicillin_and_enzyme_inhibitor.,Irritable_bowel_syndrome,,unclassified_Hydrogenophilaceae,10.505974081223398,increased aft dis
J01CR02_.amoxicillin_and_enzyme_inhibitor.,Irritable_bowel_syndrome,,Pseudoramibacter,1.6530789864034103,increased aft dis
J01CR02_.amoxicillin_and_enzyme_inhibitor.,Chronic_fatigue_syndrome,unclassified_Fusobacteriaceae,,9.957427002721479,increased aft med
J01CR02_.amoxicillin_and_enzyme_inhibitor.,Chronic_fatigue_syndrome,unclassified_Thermaceae,,9.216858087967898,increased aft med
J01CR02_.amoxicillin_and_enzyme_inhibitor.,Chronic_fatigue_syndrome,Fusobacterium,,7.650752057120963,increased aft med
J01CR02_.amoxicillin_and_enzyme_inhibitor.,Chronic_fatigue_syndrome,Dysgonomonas,,7.3022362915691055,increased aft med
J01CR02_.amoxicillin_and_enzyme_inhibitor.,Chronic_fatigue_syndrome,Paraeggerthella,,7.1714743763253255,increased aft med
J01CR02_.amoxicillin_and_enzyme_inhibitor.,Chronic_fatigue_syndrome,Gemella,,6.012998579975548,increased aft med
J01CR02_.amoxicillin_and_enzyme_inhibitor.,Chronic_fatigue_syndrome,Clostridium_XlVb,,57.908356857148455,increased aft med
J01CR02_.amoxicillin_and_enzyme_inhibitor.,Chronic_fatigue_syndrome,unclassified_Sutterellaceae,,56.84398365979326,increased aft med
J01CR02_.amoxicillin_and_enzyme_inhibitor.,Chronic_fatigue_syndrome,Odoribacter,,55.994406761402956,increased aft med
J01CR02_.amoxicillin_and_enzyme_inhibitor.,Chronic_fatigue_syndrome,Bilophila,,50.36208169863475,increased aft med
J01CR02_.amoxicillin_and_enzyme_inhibitor.,Chronic_fatigue_syndrome,unclassified_Streptococcaceae,,38.68409271981181,increased aft med
J01CR02_.amoxicillin_and_enzyme_inhibitor.,Chronic_fatigue_syndrome,Pelomonas,,37.76718742395089,increased aft med
J01CR02_.amoxicillin_and_enzyme_inhibitor.,Chronic_fatigue_syndrome,Slackia,,34.97548249163391,increased aft med
J01CR02_.amoxicillin_and_enzyme_inhibitor.,Chronic_fatigue_syndrome,Anaerophaga,,30.64524300377253,increased aft med
J01CR02_.amoxicillin_and_enzyme_inhibitor.,Chronic_fatigue_syndrome,unclassified_Methanomicrobiales,,30.343222648098156,increased aft med
J01CR02_.amoxicillin_and_enzyme_inhibitor.,Chronic_fatigue_syndrome,unclassified_Deferribacteraceae,,30.25606647797663,increased aft med
J01CR02_.amoxicillin_and_enzyme_inhibitor.,Chronic_fatigue_syndrome,Photobacterium,,3.957199592335087,increased aft med
J01CR02_.amoxicillin_and_enzyme_inhibitor.,Chronic_fatigue_syndrome,Sutterella,,29.438087146286293,increased aft med
J01CR02_.amoxicillin_and_enzyme_inhibitor.,Chronic_fatigue_syndrome,Granulicatella,,25.940581887523237,increased aft med
J01CR02_.amoxicillin_and_enzyme_inhibitor.,Chronic_fatigue_syndrome,Paraprevotella,,24.73099672885569,increased aft med
J01CR02_.amoxicillin_and_enzyme_inhibitor.,Chronic_fatigue_syndrome,unclassified_Anaplasmataceae,,22.18930162832062,increased aft med
J01CR02_.amoxicillin_and_enzyme_inhibitor.,Chronic_fatigue_syndrome,Peptostreptococcus,,22.07321936959461,increased aft med
J01CR02_.amoxicillin_and_enzyme_inhibitor.,Chronic_fatigue_syndrome,Veillonella,,20.637757432039756,increased aft med
J01CR02_.amoxicillin_and_enzyme_inhibitor.,Chronic_fatigue_syndrome,Facklamia,,20.18296230902962,increased aft med
J01CR02_.amoxicillin_and_enzyme_inhibitor.,Chronic_fatigue_syndrome,Salmonella,,2.7653855540701664,increased aft med
J01CR02_.amoxicillin_and_enzyme_inhibitor.,Chronic_fatigue_syndrome,Alloscardovia,,2.41206680818125,increased aft med
J01CR02_.amoxicillin_and_enzyme_inhibitor.,Chronic_fatigue_syndrome,Robinsoniella,,18.2519053062545,increased aft med
J01CR02_.amoxicillin_and_enzyme_inhibitor.,Chronic_fatigue_syndrome,Lactonifactor,,17.523091979277194,increased aft med
J01CR02_.amoxicillin_and_enzyme_inhibitor.,Chronic_fatigue_syndrome,Mucispirillum,,16.211736545392487,increased aft med
J01CR02_.amoxicillin_and_enzyme_inhibitor.,Chronic_fatigue_syndrome,unclassified_Cystobacteraceae,,16.07978955109135,increased aft med
J01CR02_.amoxicillin_and_enzyme_inhibitor.,Chronic_fatigue_syndrome,Flavonifractor,,14.580778570776197,increased aft med
J01CR02_.amoxicillin_and_enzyme_inhibitor.,Chronic_fatigue_syndrome,Eggerthella,,13.445032957164026,increased aft med
J01CR02_.amoxicillin_and_enzyme_inhibitor.,Chronic_fatigue_syndrome,Aerococcus,,11.2810786255807,increased aft med
J01CR02_.amoxicillin_and_enzyme_inhibitor.,Chronic_fatigue_syndrome,,Alistipes,85.50428372053504,increased aft dis
J01CR02_.amoxicillin_and_enzyme_inhibitor.,Chronic_fatigue_syndrome,,unclassified_Subdivision5,8.671476677771482,increased aft dis
J01CR02_.amoxicillin_and_enzyme_inhibitor.,Chronic_fatigue_syndrome,,unclassified_TM7,4.968170273936629,increased aft dis
J01CR02_.amoxicillin_and_enzyme_inhibitor.,Chronic_fatigue_syndrome,,Barnesiella,37.743684518644294,increased aft dis
J01CR02_.amoxicillin_and_enzyme_inhibitor.,Chronic_fatigue_syndrome,,Parabacteroides,34.55898255648723,increased aft dis
J01CR02_.amoxicillin_and_enzyme_inhibitor.,Chronic_fatigue_syndrome,,unclassified_Puniceicoccaceae,33.05589447961979,increased aft dis
J01CR02_.amoxicillin_and_enzyme_inhibitor.,Chronic_fatigue_syndrome,,Eubacterium,31.058028094976432,increased aft dis
J01CR02_.amoxicillin_and_enzyme_inhibitor.,Chronic_fatigue_syndrome,,unclassified_Syntrophobacteraceae,3.358308877935599,increased aft dis
J01CR02_.amoxicillin_and_enzyme_inhibitor.,Chronic_fatigue_syndrome,,Marvinbryantia,3.352971528303176,increased aft dis
J01CR02_.amoxicillin_and_enzyme_inhibitor.,Chronic_fatigue_syndrome,,unclassified_Thermomicrobiaceae,3.352971528303176,increased aft dis
J01CR02_.amoxicillin_and_enzyme_inhibitor.,Chronic_fatigue_syndrome,,unclassified_Methanomicrobiaceae,26.249830227272316,increased aft dis
J01CR02_.amoxicillin_and_enzyme_inhibitor.,Chronic_fatigue_syndrome,,unclassified_Ferroplasmaceae,25.21089593527924,increased aft dis
J01CR02_.amoxicillin_and_enzyme_inhibitor.,Chronic_fatigue_syndrome,,unclassified_Flammeovirgaceae,20.573398104288046,increased aft dis
J01CR02_.amoxicillin_and_enzyme_inhibitor.,Chronic_fatigue_syndrome,,Thermogymnomonas,19.39286263712299,increased aft dis
J01CR02_.amoxicillin_and_enzyme_inhibitor.,Chronic_fatigue_syndrome,,unclassified_Methanosarcinaceae,18.895048295271053,increased aft dis
J01CR02_.amoxicillin_and_enzyme_inhibitor.,Chronic_fatigue_syndrome,,Phascolarctobacterium,17.98525185221682,increased aft dis
J01CR02_.amoxicillin_and_enzyme_inhibitor.,Chronic_fatigue_syndrome,,unclassified_Methanocellaceae,15.752806780794433,increased aft dis
J01CR02_.amoxicillin_and_enzyme_inhibitor.,Chronic_fatigue_syndrome,,Gordonibacter,15.665429726576921,increased aft dis
J01CR02_.amoxicillin_and_enzyme_inhibitor.,Chronic_fatigue_syndrome,,Treponema,15.659068291543068,increased aft dis
J01CR02_.amoxicillin_and_enzyme_inhibitor.,Chronic_fatigue_syndrome,,unclassified_Carnobacteriaceae,15.149535987075614,increased aft dis
J01CR02_.amoxicillin_and_enzyme_inhibitor.,Chronic_fatigue_syndrome,,unclassified_Geminicoccus,14.651925339552662,increased aft dis
J01CR02_.amoxicillin_and_enzyme_inhibitor.,Chronic_fatigue_syndrome,,unclassified_Planctomycetaceae,11.778848967627477,increased aft dis
J01CR02_.amoxicillin_and_enzyme_inhibitor.,Chronic_fatigue_syndrome,,unclassified_Rikenellaceae,11.095003124737726,increased aft dis
G03AA12_.drospirenone_and_ethinylestradiol.,Glomerular_filtration_rate,Prevotella,,69.75732598063767,increased aft med
G03AA12_.drospirenone_and_ethinylestradiol.,Glomerular_filtration_rate,Anaerorhabdus,,5.964763876101418,increased aft med
G03AA12_.drospirenone_and_ethinylestradiol.,Glomerular_filtration_rate,unclassified_Nitrosomonadaceae,,5.857328312022812,increased aft med
G03AA12_.drospirenone_and_ethinylestradiol.,Glomerular_filtration_rate,Mobiluncus,,5.820287113023323,increased aft med
G03AA12_.drospirenone_and_ethinylestradiol.,Glomerular_filtration_rate,SR1_genera_incertae_sedis,,4.968145866131173,increased aft med
G03AA12_.drospirenone_and_ethinylestradiol.,Glomerular_filtration_rate,unclassified_Rhodocyclaceae,,34.353884775958065,increased aft med
G03AA12_.drospirenone_and_ethinylestradiol.,Glomerular_filtration_rate,unclassified_Dehalogenimonas,,32.404200400583,increased aft med
G03AA12_.drospirenone_and_ethinylestradiol.,Glomerular_filtration_rate,unclassified_Rhodobacteraceae,,29.647703833708054,increased aft med
G03AA12_.drospirenone_and_ethinylestradiol.,Glomerular_filtration_rate,Hespellia,,22.32385657174538,increased aft med
G03AA12_.drospirenone_and_ethinylestradiol.,Glomerular_filtration_rate,Aerococcus,,11.2810786255807,increased aft med
G03AA12_.drospirenone_and_ethinylestradiol.,Glomerular_filtration_rate,,Roseburia,96.71141572662759,increased aft dis
G03AA12_.drospirenone_and_ethinylestradiol.,Glomerular_filtration_rate,,Blautia,95.24934448788858,increased aft dis
G03AA12_.drospirenone_and_ethinylestradiol.,Glomerular_filtration_rate,,Acetanaerobacterium,8.224759801669737,increased aft dis
G03AA12_.drospirenone_and_ethinylestradiol.,Glomerular_filtration_rate,,Anaerostipes,73.0994718401088,increased aft dis
G03AA12_.drospirenone_and_ethinylestradiol.,Glomerular_filtration_rate,,unclassified_Rhizomicrobium,7.54317328114654,increased aft dis
G03AA12_.drospirenone_and_ethinylestradiol.,Glomerular_filtration_rate,,unclassified_Enterobacteriaceae,6.9003900000957,increased aft dis
G03AA12_.drospirenone_and_ethinylestradiol.,Glomerular_filtration_rate,,Anaerofustis,6.5948695356596385,increased aft dis
G03AA12_.drospirenone_and_ethinylestradiol.,Glomerular_filtration_rate,,unclassified_Pasteurellaceae,6.519359712783288,increased aft dis
G03AA12_.drospirenone_and_ethinylestradiol.,Glomerular_filtration_rate,,unclassified_Aeromonadaceae,6.012673737992398,increased aft dis
G03AA12_.drospirenone_and_ethinylestradiol.,Glomerular_filtration_rate,,Bilophila,50.36208169863475,increased aft dis
G03AA12_.drospirenone_and_ethinylestradiol.,Glomerular_filtration_rate,,Parabacteroides,34.55898255648723,increased aft dis
G03AA12_.drospirenone_and_ethinylestradiol.,Glomerular_filtration_rate,,Providencia,3.1628369311383517,increased aft dis
G03AA12_.drospirenone_and_ethinylestradiol.,Glomerular_filtration_rate,,Sutterella,29.438087146286293,increased aft dis
G03AA12_.drospirenone_and_ethinylestradiol.,Glomerular_filtration_rate,,Granulicatella,25.940581887523237,increased aft dis
G03AA12_.drospirenone_and_ethinylestradiol.,Glomerular_filtration_rate,,unclassified_Mariprofundaceae,23.269608101824772,increased aft dis
G03AA12_.drospirenone_and_ethinylestradiol.,Glomerular_filtration_rate,,Veillonella,20.637757432039756,increased aft dis
G03AA12_.drospirenone_and_ethinylestradiol.,Glomerular_filtration_rate,,Robinsoniella,18.2519053062545,increased aft dis
G03AA12_.drospirenone_and_ethinylestradiol.,Glomerular_filtration_rate,,Phascolarctobacterium,17.98525185221682,increased aft dis
G03AA12_.drospirenone_and_ethinylestradiol.,Glomerular_filtration_rate,,Mucispirillum,16.211736545392487,increased aft dis
G03AA12_.drospirenone_and_ethinylestradiol.,Glomerular_filtration_rate,,unclassified_Cystobacteraceae,16.07978955109135,increased aft dis
G03AA12_.drospirenone_and_ethinylestradiol.,Glomerular_filtration_rate,,unclassified_Staphylococcaceae,14.703931241054919,increased aft dis
G03AA12_.drospirenone_and_ethinylestradiol.,Glomerular_filtration_rate,,Eggerthella,13.445032957164026,increased aft dis
G03AA12_.drospirenone_and_ethinylestradiol.,Glomerular_filtration_rate,,Serratia,11.161464016381224,increased aft dis
G03AA12_.drospirenone_and_ethinylestradiol.,Glomerular_filtration_rate,,Bifidobacterium,11.106871883826106,increased aft dis
G03AA12_.drospirenone_and_ethinylestradiol.,Glomerular_filtration_rate,,Anaerotruncus,11.051325045108507,increased aft dis
G03AA12_.drospirenone_and_ethinylestradiol.,Glomerular_filtration_rate,,Clostridium_XVIII,11.02470384930378,increased aft dis
G03AA12_.drospirenone_and_ethinylestradiol.,Glomerular_filtration_rate,,Saccharofermentans,10.101340457417871,increased aft dis
G03AA12_.drospirenone_and_ethinylestradiol.,Glomerular_filtration_rate,,Pseudoramibacter,1.6530789864034103,increased aft dis
J01CA04_.amoxicillin.,Ulcerative_colitis,Buttiauxella,,9.611047004762382,increased aft med
J01CA04_.amoxicillin.,Ulcerative_colitis,Acetanaerobacterium,,8.224759801669737,increased aft med
J01CA04_.amoxicillin.,Ulcerative_colitis,Fusobacterium,,7.650752057120963,increased aft med
J01CA04_.amoxicillin.,Ulcerative_colitis,Dysgonomonas,,7.3022362915691055,increased aft med
J01CA04_.amoxicillin.,Ulcerative_colitis,unclassified_Legionellaceae,,7.30139452098979,increased aft med
J01CA04_.amoxicillin.,Ulcerative_colitis,Anaerofustis,,6.5948695356596385,increased aft med
J01CA04_.amoxicillin.,Ulcerative_colitis,unclassified_Aeromonadaceae,,6.012673737992398,increased aft med
J01CA04_.amoxicillin.,Ulcerative_colitis,Pelomonas,,37.76718742395089,increased aft med
J01CA04_.amoxicillin.,Ulcerative_colitis,Slackia,,34.97548249163391,increased aft med
J01CA04_.amoxicillin.,Ulcerative_colitis,Anaerophaga,,30.64524300377253,increased aft med
J01CA04_.amoxicillin.,Ulcerative_colitis,unclassified_Methanomicrobiales,,30.343222648098156,increased aft med
J01CA04_.amoxicillin.,Ulcerative_colitis,unclassified_Deferribacteraceae,,30.25606647797663,increased aft med
J01CA04_.amoxicillin.,Ulcerative_colitis,Pseudoflavonifractor,,27.200585516573234,increased aft med
J01CA04_.amoxicillin.,Ulcerative_colitis,Granulicatella,,25.940581887523237,increased aft med
J01CA04_.amoxicillin.,Ulcerative_colitis,unclassified_Enterococcaceae,,25.155687964727953,increased aft med
J01CA04_.amoxicillin.,Ulcerative_colitis,unclassified_Caldisericaceae,,24.506787348838127,increased aft med
J01CA04_.amoxicillin.,Ulcerative_colitis,Peptostreptococcus,,22.07321936959461,increased aft med
J01CA04_.amoxicillin.,Ulcerative_colitis,Lactobacillus,,21.27800534854807,increased aft med
J01CA04_.amoxicillin.,Ulcerative_colitis,Facklamia,,20.18296230902962,increased aft med
J01CA04_.amoxicillin.,Ulcerative_colitis,Enterococcus,,20.013311082595635,increased aft med
J01CA04_.amoxicillin.,Ulcerative_colitis,Salmonella,,2.7653855540701664,increased aft med
J01CA04_.amoxicillin.,Ulcerative_colitis,unclassified_Vibrionaceae,,19.2989770790426,increased aft med
J01CA04_.amoxicillin.,Ulcerative_colitis,Lactonifactor,,17.523091979277194,increased aft med
J01CA04_.amoxicillin.,Ulcerative_colitis,Flavonifractor,,14.580778570776197,increased aft med
J01CA04_.amoxicillin.,Ulcerative_colitis,unclassified_Elusimicrobiaceae,,12.37576492209887,increased aft med
J01CA04_.amoxicillin.,Ulcerative_colitis,Aerococcus,,11.2810786255807,increased aft med
J01CA04_.amoxicillin.,Ulcerative_colitis,Anaerotruncus,,11.051325045108507,increased aft med
J01CA04_.amoxicillin.,Ulcerative_colitis,Clostridium_XVIII,,11.02470384930378,increased aft med
J01CA04_.amoxicillin.,Ulcerative_colitis,Pediococcus,,10.179124229825568,increased aft med
J01CA04_.amoxicillin.,Ulcerative_colitis,,Blautia,95.24934448788858,increased aft dis
J01CA04_.amoxicillin.,Ulcerative_colitis,,Anaerostipes,73.0994718401088,increased aft dis
J01CA04_.amoxicillin.,Ulcerative_colitis,,unclassified_Pasteurellaceae,6.519359712783288,increased aft dis
J01CA04_.amoxicillin.,Ulcerative_colitis,,Odoribacter,55.994406761402956,increased aft dis
J01CA04_.amoxicillin.,Ulcerative_colitis,,Clostridium_XI,49.26862933751806,increased aft dis
J01CA04_.amoxicillin.,Ulcerative_colitis,,unclassified_Syntrophaceae,23.26631362609276,increased aft dis
J01CA04_.amoxicillin.,Ulcerative_colitis,,Abiotrophia,19.73969993116483,increased aft dis
J01CA04_.amoxicillin.,Ulcerative_colitis,,unclassified_Peptostreptococcaceae,19.341502056646497,increased aft dis
J01CA04_.amoxicillin.,Ulcerative_colitis,,Proteus,19.111535214284057,increased aft dis
J01CA04_.amoxicillin.,Ulcerative_colitis,,Haemophilus,18.343731262808692,increased aft dis
J01CA04_.amoxicillin.,Ulcerative_colitis,,unclassified_Staphylococcaceae,14.703931241054919,increased aft dis
J01CA04_.amoxicillin.,Ulcerative_colitis,,Faecalibacterium,126.83235054305703,increased aft dis
J01CA04_.amoxicillin.,Ulcerative_colitis,,Bifidobacterium,11.106871883826106,increased aft dis
A07EC02_.mesalazine.,Ulcerative_colitis,Streptobacillus,,9.91391336182524,increased aft med
A07EC02_.mesalazine.,Ulcerative_colitis,Aeromonas,,9.913514218568977,increased aft med
A07EC02_.mesalazine.,Ulcerative_colitis,unclassified_Haloplasmataceae,,9.435472176871373,increased aft med
A07EC02_.mesalazine.,Ulcerative_colitis,Morganella,,9.129784814903646,increased aft med
A07EC02_.mesalazine.,Ulcerative_colitis,Bilophila,,50.36208169863475,increased aft med
A07EC02_.mesalazine.,Ulcerative_colitis,Anaerorhabdus,,5.964763876101418,increased aft med
A07EC02_.mesalazine.,Ulcerative_colitis,Barnesiella,,37.743684518644294,increased aft med
A07EC02_.mesalazine.,Ulcerative_colitis,unclassified_Verrucomicrobiaceae,,37.408114055564035,increased aft med
A07EC02_.mesalazine.,Ulcerative_colitis,unclassified_Desulfohalobiaceae,,35.95714289585963,increased aft med
A07EC02_.mesalazine.,Ulcerative_colitis,unclassified_Simkaniaceae,,34.426936446673224,increased aft med
A07EC02_.mesalazine.,Ulcerative_colitis,unclassified_Pseudomonadaceae,,32.36656613772171,increased aft med
A07EC02_.mesalazine.,Ulcerative_colitis,unclassified_Bradyrhizobiaceae,,29.47057452984057,increased aft med
A07EC02_.mesalazine.,Ulcerative_colitis,unclassified_Kofleriaceae,,27.464132480632077,increased aft med
A07EC02_.mesalazine.,Ulcerative_colitis,Akkermansia,,26.900465607426387,increased aft med
A07EC02_.mesalazine.,Ulcerative_colitis,unclassified_Thiotrichales,,25.345341197743487,increased aft med
A07EC02_.mesalazine.,Ulcerative_colitis,Oscillibacter,,23.347700345287976,increased aft med
A07EC02_.mesalazine.,Ulcerative_colitis,Porphyromonas,,22.96964231027752,increased aft med
A07EC02_.mesalazine.,Ulcerative_colitis,unclassified_Beutenbergiaceae,,22.905593938904275,increased aft med
A07EC02_.mesalazine.,Ulcerative_colitis,Peptostreptococcus,,22.07321936959461,increased aft med
A07EC02_.mesalazine.,Ulcerative_colitis,Parvimonas,,18.243136691829253,increased aft med
A07EC02_.mesalazine.,Ulcerative_colitis,unclassified_Flavobacteriaceae,,17.347191748283816,increased aft med
A07EC02_.mesalazine.,Ulcerative_colitis,unclassified_Methanocellaceae,,15.752806780794433,increased aft med
A07EC02_.mesalazine.,Ulcerative_colitis,unclassified_Halanaerobiaceae,,14.112178451875382,increased aft med
A07EC02_.mesalazine.,Ulcerative_colitis,unclassified_Leptotrichiaceae,,12.870258500063676,increased aft med
A07EC02_.mesalazine.,Ulcerative_colitis,Cloacibacillus,,12.186322410437517,increased aft med
A07EC02_.mesalazine.,Ulcerative_colitis,Holdemania,,11.873283422276689,increased aft med
A07EC02_.mesalazine.,Ulcerative_colitis,Mannheimia,,10.30236445254256,increased aft med
A07EC02_.mesalazine.,Ulcerative_colitis,,Blautia,95.24934448788858,increased aft dis
A07EC02_.mesalazine.,Ulcerative_colitis,,Anaerostipes,73.0994718401088,increased aft dis
A07EC02_.mesalazine.,Ulcerative_colitis,,unclassified_Pasteurellaceae,6.519359712783288,increased aft dis
A07EC02_.mesalazine.,Ulcerative_colitis,,Clostridium_XI,49.26862933751806,increased aft dis
A07EC02_.mesalazine.,Ulcerative_colitis,,unclassified_Streptococcaceae,38.68409271981181,increased aft dis
A07EC02_.mesalazine.,Ulcerative_colitis,,Photobacterium,3.957199592335087,increased aft dis
A07EC02_.mesalazine.,Ulcerative_colitis,,Paraprevotella,24.73099672885569,increased aft dis
A07EC02_.mesalazine.,Ulcerative_colitis,,unclassified_Syntrophaceae,23.26631362609276,increased aft dis
A07EC02_.mesalazine.,Ulcerative_colitis,,Abiotrophia,19.73969993116483,increased aft dis
A07EC02_.mesalazine.,Ulcerative_colitis,,unclassified_Peptostreptococcaceae,19.341502056646497,increased aft dis
A07EC02_.mesalazine.,Ulcerative_colitis,,Proteus,19.111535214284057,increased aft dis
A07EC02_.mesalazine.,Ulcerative_colitis,,Haemophilus,18.343731262808692,increased aft dis
A07EC02_.mesalazine.,Ulcerative_colitis,,Mucispirillum,16.211736545392487,increased aft dis
A07EC02_.mesalazine.,Ulcerative_colitis,,unclassified_Staphylococcaceae,14.703931241054919,increased aft dis
A07EC02_.mesalazine.,Ulcerative_colitis,,Eggerthella,13.445032957164026,increased aft dis
A07EC02_.mesalazine.,Ulcerative_colitis,,Bifidobacterium,11.106871883826106,increased aft dis
L04AB_.TNF.alpha_inhibitors.,Ulcerative_colitis,Roseburia,,96.71141572662759,increased aft med
L04AB_.TNF.alpha_inhibitors.,Ulcerative_colitis,unclassified_Lactobacillaceae,,7.904465016585414,increased aft med
L04AB_.TNF.alpha_inhibitors.,Ulcerative_colitis,Prevotella,,69.75732598063767,increased aft med
L04AB_.TNF.alpha_inhibitors.,Ulcerative_colitis,unclassified_Anaerolineaceae,,6.132083512546684,increased aft med
L04AB_.TNF.alpha_inhibitors.,Ulcerative_colitis,Dorea,,54.45698557442071,increased aft med
L04AB_.TNF.alpha_inhibitors.,Ulcerative_colitis,Leuconostoc,,5.991267944796687,increased aft med
L04AB_.TNF.alpha_inhibitors.,Ulcerative_colitis,Catenibacterium,,37.983716229753185,increased aft med
L04AB_.TNF.alpha_inhibitors.,Ulcerative_colitis,Streptococcus,,31.429611951116925,increased aft med
L04AB_.TNF.alpha_inhibitors.,Ulcerative_colitis,Dialister,,21.651246006821694,increased aft med
L04AB_.TNF.alpha_inhibitors.,Ulcerative_colitis,Lactobacillus,,21.27800534854807,increased aft med
L04AB_.TNF.alpha_inhibitors.,Ulcerative_colitis,Actinobacillus,,20.256029895704128,increased aft med
L04AB_.TNF.alpha_inhibitors.,Ulcerative_colitis,Rothia,,19.077629989981347,increased aft med
L04AB_.TNF.alpha_inhibitors.,Ulcerative_colitis,unclassified_Euzebyaceae,,18.155903435990986,increased aft med
L04AB_.TNF.alpha_inhibitors.,Ulcerative_colitis,Carnobacterium,,14.723317726558918,increased aft med
L04AB_.TNF.alpha_inhibitors.,Ulcerative_colitis,Staphylococcus,,14.584049923619554,increased aft med
L04AB_.TNF.alpha_inhibitors.,Ulcerative_colitis,unclassified_Desulfarculaceae,,13.963970214833859,increased aft med
L04AB_.TNF.alpha_inhibitors.,Ulcerative_colitis,Megamonas,,13.204012745920819,increased aft med
L04AB_.TNF.alpha_inhibitors.,Ulcerative_colitis,Scardovia,,12.490240698515402,increased aft med
L04AB_.TNF.alpha_inhibitors.,Ulcerative_colitis,Lachnobacterium,,11.804692853011224,increased aft med
L04AB_.TNF.alpha_inhibitors.,Ulcerative_colitis,,Blautia,95.24934448788858,increased aft dis
L04AB_.TNF.alpha_inhibitors.,Ulcerative_colitis,,unclassified_Fusobacteriaceae,9.957427002721479,increased aft dis
L04AB_.TNF.alpha_inhibitors.,Ulcerative_colitis,,Bacteroides,89.63210098361391,increased aft dis
L04AB_.TNF.alpha_inhibitors.,Ulcerative_colitis,,Anaerostipes,73.0994718401088,increased aft dis
L04AB_.TNF.alpha_inhibitors.,Ulcerative_colitis,,Paraeggerthella,7.1714743763253255,increased aft dis
L04AB_.TNF.alpha_inhibitors.,Ulcerative_colitis,,Clostridium_XlVb,57.908356857148455,increased aft dis
L04AB_.TNF.alpha_inhibitors.,Ulcerative_colitis,,unclassified_Sutterellaceae,56.84398365979326,increased aft dis
L04AB_.TNF.alpha_inhibitors.,Ulcerative_colitis,,Odoribacter,55.994406761402956,increased aft dis
L04AB_.TNF.alpha_inhibitors.,Ulcerative_colitis,,Clostridium_XI,49.26862933751806,increased aft dis
L04AB_.TNF.alpha_inhibitors.,Ulcerative_colitis,,unclassified_Streptococcaceae,38.68409271981181,increased aft dis
L04AB_.TNF.alpha_inhibitors.,Ulcerative_colitis,,Photobacterium,3.957199592335087,increased aft dis
L04AB_.TNF.alpha_inhibitors.,Ulcerative_colitis,,Paraprevotella,24.73099672885569,increased aft dis
L04AB_.TNF.alpha_inhibitors.,Ulcerative_colitis,,unclassified_Syntrophaceae,23.26631362609276,increased aft dis
L04AB_.TNF.alpha_inhibitors.,Ulcerative_colitis,,unclassified_Anaplasmataceae,22.18930162832062,increased aft dis
L04AB_.TNF.alpha_inhibitors.,Ulcerative_colitis,,Mucispirillum,16.211736545392487,increased aft dis
L04AB_.TNF.alpha_inhibitors.,Ulcerative_colitis,,Eggerthella,13.445032957164026,increased aft dis
L04AB_.TNF.alpha_inhibitors.,Ulcerative_colitis,,Faecalibacterium,126.83235054305703,increased aft dis
L04AX01_.azathioprine.,Ulcerative_colitis,Roseburia,,96.71141572662759,increased aft med
L04AX01_.azathioprine.,Ulcerative_colitis,Morganella,,9.129784814903646,increased aft med
L04AX01_.azathioprine.,Ulcerative_colitis,Anaerofilum,,8.310351434183367,increased aft med
L04AX01_.azathioprine.,Ulcerative_colitis,Fusobacterium,,7.650752057120963,increased aft med
L04AX01_.azathioprine.,Ulcerative_colitis,Dysgonomonas,,7.3022362915691055,increased aft med
L04AX01_.azathioprine.,Ulcerative_colitis,Cloacibacterium,,6.896225007652616,increased aft med
L04AX01_.azathioprine.,Ulcerative_colitis,Pelomonas,,37.76718742395089,increased aft med
L04AX01_.azathioprine.,Ulcerative_colitis,Pseudobutyrivibrio,,35.45906149437387,increased aft med
L04AX01_.azathioprine.,Ulcerative_colitis,Vagococcus,,31.35982400091967,increased aft med
L04AX01_.azathioprine.,Ulcerative_colitis,unclassified_Deferribacteraceae,,30.25606647797663,increased aft med
L04AX01_.azathioprine.,Ulcerative_colitis,Succinivibrio,,22.798381587109485,increased aft med
L04AX01_.azathioprine.,Ulcerative_colitis,Actinobacillus,,20.256029895704128,increased aft med
L04AX01_.azathioprine.,Ulcerative_colitis,Facklamia,,20.18296230902962,increased aft med
L04AX01_.azathioprine.,Ulcerative_colitis,Cronobacter,,2.7653855540701664,increased aft med
L04AX01_.azathioprine.,Ulcerative_colitis,unclassified_Dermacoccaceae,,2.7653855540701664,increased aft med
L04AX01_.azathioprine.,Ulcerative_colitis,unclassified_Polyangiaceae,,2.76524467997972,increased aft med
L04AX01_.azathioprine.,Ulcerative_colitis,Stenotrophomonas,,14.93332987035161,increased aft med
L04AX01_.azathioprine.,Ulcerative_colitis,Carnobacterium,,14.723317726558918,increased aft med
L04AX01_.azathioprine.,Ulcerative_colitis,Flavonifractor,,14.580778570776197,increased aft med
L04AX01_.azathioprine.,Ulcerative_colitis,Aerococcus,,11.2810786255807,increased aft med
L04AX01_.azathioprine.,Ulcerative_colitis,,Anaerostipes,73.0994718401088,increased aft dis
L04AX01_.azathioprine.,Ulcerative_colitis,,unclassified_Pasteurellaceae,6.519359712783288,increased aft dis
L04AX01_.azathioprine.,Ulcerative_colitis,,Clostridium_XI,49.26862933751806,increased aft dis
L04AX01_.azathioprine.,Ulcerative_colitis,,Paraprevotella,24.73099672885569,increased aft dis
L04AX01_.azathioprine.,Ulcerative_colitis,,unclassified_Syntrophaceae,23.26631362609276,increased aft dis
L04AX01_.azathioprine.,Ulcerative_colitis,,Abiotrophia,19.73969993116483,increased aft dis
L04AX01_.azathioprine.,Ulcerative_colitis,,unclassified_Peptostreptococcaceae,19.341502056646497,increased aft dis
L04AX01_.azathioprine.,Ulcerative_colitis,,Proteus,19.111535214284057,increased aft dis
L04AX01_.azathioprine.,Ulcerative_colitis,,unclassified_Saprospiraceae,18.763168934574068,increased aft dis
L04AX01_.azathioprine.,Ulcerative_colitis,,Haemophilus,18.343731262808692,increased aft dis
L04AX01_.azathioprine.,Ulcerative_colitis,,unclassified_Cystobacteraceae,16.07978955109135,increased aft dis
L04AX01_.azathioprine.,Ulcerative_colitis,,unclassified_Staphylococcaceae,14.703931241054919,increased aft dis
L04AX01_.azathioprine.,Ulcerative_colitis,,Faecalibacterium,126.83235054305703,increased aft dis
L04AX01_.azathioprine.,Ulcerative_colitis,,Bifidobacterium,11.106871883826106,increased aft dis
N03AE01_.clonazepam.,Ulcerative_colitis,unclassified_Thermodesulfobacteriaceae,,9.849671191327145,increased aft med
N03AE01_.clonazepam.,Ulcerative_colitis,Morganella,,9.129784814903646,increased aft med
N03AE01_.clonazepam.,Ulcerative_colitis,Pelomonas,,37.76718742395089,increased aft med
N03AE01_.clonazepam.,Ulcerative_colitis,unclassified_Rhodobacteraceae,,29.647703833708054,increased aft med
N03AE01_.clonazepam.,Ulcerative_colitis,Granulicatella,,25.940581887523237,increased aft med
N03AE01_.clonazepam.,Ulcerative_colitis,Flavonifractor,,14.580778570776197,increased aft med
N03AE01_.clonazepam.,Ulcerative_colitis,,Blautia,95.24934448788858,increased aft dis
N03AE01_.clonazepam.,Ulcerative_colitis,,Anaerostipes,73.0994718401088,increased aft dis
N03AE01_.clonazepam.,Ulcerative_colitis,,Paraeggerthella,7.1714743763253255,increased aft dis
N03AE01_.clonazepam.,Ulcerative_colitis,,unclassified_Pasteurellaceae,6.519359712783288,increased aft dis
N03AE01_.clonazepam.,Ulcerative_colitis,,Clostridium_XlVb,57.908356857148455,increased aft dis
N03AE01_.clonazepam.,Ulcerative_colitis,,unclassified_Sutterellaceae,56.84398365979326,increased aft dis
N03AE01_.clonazepam.,Ulcerative_colitis,,Odoribacter,55.994406761402956,increased aft dis
N03AE01_.clonazepam.,Ulcerative_colitis,,Clostridium_XI,49.26862933751806,increased aft dis
N03AE01_.clonazepam.,Ulcerative_colitis,,Photobacterium,3.957199592335087,increased aft dis
N03AE01_.clonazepam.,Ulcerative_colitis,,unclassified_Syntrophaceae,23.26631362609276,increased aft dis
N03AE01_.clonazepam.,Ulcerative_colitis,,unclassified_Anaplasmataceae,22.18930162832062,increased aft dis
N03AE01_.clonazepam.,Ulcerative_colitis,,Abiotrophia,19.73969993116483,increased aft dis
N03AE01_.clonazepam.,Ulcerative_colitis,,unclassified_Peptostreptococcaceae,19.341502056646497,increased aft dis
N03AE01_.clonazepam.,Ulcerative_colitis,,Proteus,19.111535214284057,increased aft dis
N03AE01_.clonazepam.,Ulcerative_colitis,,Haemophilus,18.343731262808692,increased aft dis
N03AE01_.clonazepam.,Ulcerative_colitis,,unclassified_Cystobacteraceae,16.07978955109135,increased aft dis
N03AE01_.clonazepam.,Ulcerative_colitis,,unclassified_Staphylococcaceae,14.703931241054919,increased aft dis
N03AE01_.clonazepam.,Ulcerative_colitis,,Bifidobacterium,11.106871883826106,increased aft dis
A06AD15_65_.osmotic_laxatives.,Chronic_fatigue_syndrome,Streptobacillus,,9.91391336182524,increased aft med
A06AD15_65_.osmotic_laxatives.,Chronic_fatigue_syndrome,unclassified_Parachlamydiaceae,,9.913514218568977,increased aft med
A06AD15_65_.osmotic_laxatives.,Chronic_fatigue_syndrome,Aeromonas,,9.913514218568977,increased aft med
A06AD15_65_.osmotic_laxatives.,Chronic_fatigue_syndrome,Filifactor,,9.913514218568977,increased aft med
A06AD15_65_.osmotic_laxatives.,Chronic_fatigue_syndrome,Butyricimonas,,9.621206076514143,increased aft med
A06AD15_65_.osmotic_laxatives.,Chronic_fatigue_syndrome,unclassified_Haloplasmataceae,,9.435472176871373,increased aft med
A06AD15_65_.osmotic_laxatives.,Chronic_fatigue_syndrome,unclassified_Clostridiaceae,,82.0619524910648,increased aft med
A06AD15_65_.osmotic_laxatives.,Chronic_fatigue_syndrome,Sporobacter,,80.18044940104713,increased aft med
A06AD15_65_.osmotic_laxatives.,Chronic_fatigue_syndrome,Parasutterella,,8.334173222939395,increased aft med
A06AD15_65_.osmotic_laxatives.,Chronic_fatigue_syndrome,Anaerofilum,,8.310351434183367,increased aft med
A06AD15_65_.osmotic_laxatives.,Chronic_fatigue_syndrome,Methanobrevibacter,,79.11396886097282,increased aft med
A06AD15_65_.osmotic_laxatives.,Chronic_fatigue_syndrome,unclassified_Natranaerobiaceae,,77.52436580568123,increased aft med
A06AD15_65_.osmotic_laxatives.,Chronic_fatigue_syndrome,unclassified_Oxalobacteraceae,,74.41526944452106,increased aft med
A06AD15_65_.osmotic_laxatives.,Chronic_fatigue_syndrome,unclassified_Porphyromonadaceae,,71.94846656380807,increased aft med
A06AD15_65_.osmotic_laxatives.,Chronic_fatigue_syndrome,unclassified_Gracilibacteraceae,,71.65620853776078,increased aft med
A06AD15_65_.osmotic_laxatives.,Chronic_fatigue_syndrome,Howardella,,71.34566259418737,increased aft med
A06AD15_65_.osmotic_laxatives.,Chronic_fatigue_syndrome,unclassified_Dermatophilaceae,,7.375197461252281,increased aft med
A06AD15_65_.osmotic_laxatives.,Chronic_fatigue_syndrome,unclassified_Rickettsiaceae,,66.20732786148095,increased aft med
A06AD15_65_.osmotic_laxatives.,Chronic_fatigue_syndrome,unclassified_Incertae,,66.010152687484,increased aft med
A06AD15_65_.osmotic_laxatives.,Chronic_fatigue_syndrome,unclassified_Cryomorphaceae,,61.94495532373149,increased aft med
A06AD15_65_.osmotic_laxatives.,Chronic_fatigue_syndrome,unclassified_Bacteroidaceae,,60.462494081900346,increased aft med
A06AD15_65_.osmotic_laxatives.,Chronic_fatigue_syndrome,Hafnia,,6.870026434119226,increased aft med
A06AD15_65_.osmotic_laxatives.,Chronic_fatigue_syndrome,Gemella,,6.012998579975548,increased aft med
A06AD15_65_.osmotic_laxatives.,Chronic_fatigue_syndrome,unclassified_Peptococcaceae,,59.05456606882578,increased aft med
A06AD15_65_.osmotic_laxatives.,Chronic_fatigue_syndrome,unclassified_Acetobacteraceae,,58.483447501489316,increased aft med
A06AD15_65_.osmotic_laxatives.,Chronic_fatigue_syndrome,unclassified_Sutterellaceae,,56.84398365979326,increased aft med
A06AD15_65_.osmotic_laxatives.,Chronic_fatigue_syndrome,Odoribacter,,55.994406761402956,increased aft med
A06AD15_65_.osmotic_laxatives.,Chronic_fatigue_syndrome,unclassified_Bryobacter,,54.953271427337754,increased aft med
A06AD15_65_.osmotic_laxatives.,Chronic_fatigue_syndrome,unclassified_Eubacteriaceae,,54.77263134644554,increased aft med
A06AD15_65_.osmotic_laxatives.,Chronic_fatigue_syndrome,unclassified_Thermoactinomycetaceae,,53.20330535615561,increased aft med
A06AD15_65_.osmotic_laxatives.,Chronic_fatigue_syndrome,Clostridium_sensu_stricto,,52.51326304757582,increased aft med
A06AD15_65_.osmotic_laxatives.,Chronic_fatigue_syndrome,unclassified_Heliobacteriaceae,,51.527696138520696,increased aft med
A06AD15_65_.osmotic_laxatives.,Chronic_fatigue_syndrome,Bilophila,,50.36208169863475,increased aft med
A06AD15_65_.osmotic_laxatives.,Chronic_fatigue_syndrome,unclassified_Bdellovibrionaceae,,50.01115260292672,increased aft med
A06AD15_65_.osmotic_laxatives.,Chronic_fatigue_syndrome,unclassified_Acanthopleuribacteraceae,,5.577763408045089,increased aft med
A06AD15_65_.osmotic_laxatives.,Chronic_fatigue_syndrome,unclassified_Chitinophagaceae,,46.518113330016384,increased aft med
A06AD15_65_.osmotic_laxatives.,Chronic_fatigue_syndrome,unclassified_Thermoplasmatales,,46.46715185128273,increased aft med
A06AD15_65_.osmotic_laxatives.,Chronic_fatigue_syndrome,Cerasicoccus,,45.69821020437867,increased aft med
A06AD15_65_.osmotic_laxatives.,Chronic_fatigue_syndrome,Victivallis,,42.39398116347866,increased aft med
A06AD15_65_.osmotic_laxatives.,Chronic_fatigue_syndrome,unclassified_Desulfomicrobiaceae,,40.49152626035008,increased aft med
A06AD15_65_.osmotic_laxatives.,Chronic_fatigue_syndrome,Anaerosporobacter,,40.05137049850014,increased aft med
A06AD15_65_.osmotic_laxatives.,Chronic_fatigue_syndrome,unclassified_Eionea,,4.1977380248430025,increased aft med
A06AD15_65_.osmotic_laxatives.,Chronic_fatigue_syndrome,unclassified_Hyphomonadaceae,,39.130636926064895,increased aft med
A06AD15_65_.osmotic_laxatives.,Chronic_fatigue_syndrome,unclassified_Verrucomicrobiaceae,,37.408114055564035,increased aft med
A06AD15_65_.osmotic_laxatives.,Chronic_fatigue_syndrome,unclassified_Rhodospirillaceae,,36.55091893595969,increased aft med
A06AD15_65_.osmotic_laxatives.,Chronic_fatigue_syndrome,unclassified_Bacillales,,36.012045291176655,increased aft med
A06AD15_65_.osmotic_laxatives.,Chronic_fatigue_syndrome,unclassified_Desulfohalobiaceae,,35.95714289585963,increased aft med
A06AD15_65_.osmotic_laxatives.,Chronic_fatigue_syndrome,Slackia,,34.97548249163391,increased aft med
A06AD15_65_.osmotic_laxatives.,Chronic_fatigue_syndrome,unclassified_Simkaniaceae,,34.426936446673224,increased aft med
A06AD15_65_.osmotic_laxatives.,Chronic_fatigue_syndrome,unclassified_Pseudomonadaceae,,32.36656613772171,increased aft med
A06AD15_65_.osmotic_laxatives.,Chronic_fatigue_syndrome,unclassified_Rhodobacteraceae,,29.647703833708054,increased aft med
A06AD15_65_.osmotic_laxatives.,Chronic_fatigue_syndrome,unclassified_Bradyrhizobiaceae,,29.47057452984057,increased aft med
A06AD15_65_.osmotic_laxatives.,Chronic_fatigue_syndrome,unclassified_Kofleriaceae,,27.464132480632077,increased aft med
A06AD15_65_.osmotic_laxatives.,Chronic_fatigue_syndrome,Akkermansia,,26.900465607426387,increased aft med
A06AD15_65_.osmotic_laxatives.,Chronic_fatigue_syndrome,unclassified_Syntrophorhabdaceae,,23.37900433285605,increased aft med
A06AD15_65_.osmotic_laxatives.,Chronic_fatigue_syndrome,Oscillibacter,,23.347700345287976,increased aft med
A06AD15_65_.osmotic_laxatives.,Chronic_fatigue_syndrome,Porphyromonas,,22.96964231027752,increased aft med
A06AD15_65_.osmotic_laxatives.,Chronic_fatigue_syndrome,unclassified_Beutenbergiaceae,,22.905593938904275,increased aft med
A06AD15_65_.osmotic_laxatives.,Chronic_fatigue_syndrome,unclassified_Anaplasmataceae,,22.18930162832062,increased aft med
A06AD15_65_.osmotic_laxatives.,Chronic_fatigue_syndrome,Peptostreptococcus,,22.07321936959461,increased aft med
A06AD15_65_.osmotic_laxatives.,Chronic_fatigue_syndrome,Sneathia,,2.7653855540701664,increased aft med
A06AD15_65_.osmotic_laxatives.,Chronic_fatigue_syndrome,unclassified_Chromatiaceae,,2.7653855540701664,increased aft med
A06AD15_65_.osmotic_laxatives.,Chronic_fatigue_syndrome,Parvimonas,,18.243136691829253,increased aft med
A06AD15_65_.osmotic_laxatives.,Chronic_fatigue_syndrome,unclassified_Flavobacteriaceae,,17.347191748283816,increased aft med
A06AD15_65_.osmotic_laxatives.,Chronic_fatigue_syndrome,unclassified_Halanaerobiaceae,,14.112178451875382,increased aft med
A06AD15_65_.osmotic_laxatives.,Chronic_fatigue_syndrome,Methanosphaera,,13.430082663234403,increased aft med
A06AD15_65_.osmotic_laxatives.,Chronic_fatigue_syndrome,unclassified_Leptotrichiaceae,,12.870258500063676,increased aft med
A06AD15_65_.osmotic_laxatives.,Chronic_fatigue_syndrome,Cloacibacillus,,12.186322410437517,increased aft med
A06AD15_65_.osmotic_laxatives.,Chronic_fatigue_syndrome,Gallicola,,11.327924311635543,increased aft med
A06AD15_65_.osmotic_laxatives.,Chronic_fatigue_syndrome,unclassified_Veillonellaceae,,107.7842252139873,increased aft med
A06AD15_65_.osmotic_laxatives.,Chronic_fatigue_syndrome,unclassified_Chrysiogenaceae,,10.943166899122232,increased aft med
A06AD15_65_.osmotic_laxatives.,Chronic_fatigue_syndrome,unclassified_Methanobacteriaceae,,10.609789820754884,increased aft med
A06AD15_65_.osmotic_laxatives.,Chronic_fatigue_syndrome,Mannheimia,,10.30236445254256,increased aft med
A06AD15_65_.osmotic_laxatives.,Chronic_fatigue_syndrome,,Bacteroides,89.63210098361391,increased aft dis
A06AD15_65_.osmotic_laxatives.,Chronic_fatigue_syndrome,,unclassified_Subdivision5,8.671476677771482,increased aft dis
A06AD15_65_.osmotic_laxatives.,Chronic_fatigue_syndrome,,Acetanaerobacterium,8.224759801669737,increased aft dis
A06AD15_65_.osmotic_laxatives.,Chronic_fatigue_syndrome,,Anaerofustis,6.5948695356596385,increased aft dis
A06AD15_65_.osmotic_laxatives.,Chronic_fatigue_syndrome,,unclassified_Aeromonadaceae,6.012673737992398,increased aft dis
A06AD15_65_.osmotic_laxatives.,Chronic_fatigue_syndrome,,unclassified_Syntrophobacteraceae,3.358308877935599,increased aft dis
A06AD15_65_.osmotic_laxatives.,Chronic_fatigue_syndrome,,unclassified_Ferroplasmaceae,25.21089593527924,increased aft dis
A06AD15_65_.osmotic_laxatives.,Chronic_fatigue_syndrome,,unclassified_Flammeovirgaceae,20.573398104288046,increased aft dis
A06AD15_65_.osmotic_laxatives.,Chronic_fatigue_syndrome,,Thermogymnomonas,19.39286263712299,increased aft dis
A06AD15_65_.osmotic_laxatives.,Chronic_fatigue_syndrome,,unclassified_Methanosarcinaceae,18.895048295271053,increased aft dis
A06AD15_65_.osmotic_laxatives.,Chronic_fatigue_syndrome,,unclassified_Saprospiraceae,18.763168934574068,increased aft dis
A06AD15_65_.osmotic_laxatives.,Chronic_fatigue_syndrome,,Treponema,15.659068291543068,increased aft dis
A06AD15_65_.osmotic_laxatives.,Chronic_fatigue_syndrome,,unclassified_Carnobacteriaceae,15.149535987075614,increased aft dis
A06AD15_65_.osmotic_laxatives.,Chronic_fatigue_syndrome,,unclassified_Planctomycetaceae,11.778848967627477,increased aft dis
